algorithm_name,minmax_median_objective,minmax_median_gap_pct,minmax_median_time_sec,minmax_median_mem_mb,minmax_min_time_sec,minmax_max_time_sec,minmax_p95_time_sec,minmax_num_instances,minsum_median_objective,minsum_median_gap_pct,minsum_median_time_sec,minsum_median_mem_mb,minsum_min_time_sec,minsum_max_time_sec,minsum_p95_time_sec,minsum_num_instances
branch-and-bound,6563.008011213965,1592.0789937194884,0.0005099169999999999,17.125,0.0005099169999999999,0.0005099169999999999,0.0005099169999999999,1,160.02046323157865,0.0,0.001474292,17.34375,0.001474292,0.001474292,0.001474292,1
genetic,6563.008011213965,2007.4067622699854,0.026585750000000002,17.234375,0.026585750000000002,0.026585750000000002,0.026585750000000002,1,145.6894453013298,20.425900954163357,0.164162751,17.421875,0.164162751,0.164162751,0.164162751,1
greedy,6563.008011213965,2007.4067622699854,0.000458125,17.0,0.000458125,0.000458125,0.000458125,1,145.6894453013298,20.425900954163343,0.00195625,17.28125,0.00195625,0.00195625,0.00195625,1
local-search,6563.008011213965,2007.4067622699854,0.000495417,17.171875,0.000495417,0.000495417,0.000495417,1,145.6894453013298,20.425900954163357,0.002096125,17.34375,0.002096125,0.002096125,0.002096125,1
lp-rounding,6563.008011213965,1592.0789937194884,0.000631167,17.15625,0.000631167,0.000631167,0.000631167,1,160.02046323157865,0.0,0.001814625,17.40625,0.001814625,0.001814625,0.001814625,1
nn,6563.008011213965,656300.8011213965,0.000470625,17.0,0.000470625,0.000470625,0.000470625,1,160.02046323157865,16002.046323157865,0.001383292,17.1875,0.001383292,0.001383292,0.001383292,1
primal-dual,6563.008011213965,42201.97484298721,0.000519459,17.0,0.000519459,0.000519459,0.000519459,1,160.02046323157865,2307.7367704559106,0.001582083,17.265625,0.001582083,0.001582083,0.001582083,1
sa,6563.008011213965,2007.4067622699854,0.007281334,17.0625,0.007281334,0.007281334,0.007281334,1,145.6894453013298,20.425900954163357,0.052109875,17.375,0.052109875,0.052109875,0.052109875,1
shifting,6563.008011213965,2007.4067622699854,0.006220125,17.171875,0.006220125,0.006220125,0.006220125,1,145.6894453013298,20.425900954163357,0.047157874,17.296875,0.047157874,0.047157874,0.047157874,1
