instance_name,minmax_objective,minsum_objective,minmax_time,minsum_time,minmax_gap_pct,minsum_gap_pct,minmax_mem,minsum_mem,minmax_verified,minsum_verified
euro-night-0000030,387.866526064915,,0.000752209,,0.0,,17.171875,,True,
stars-0000030.instance,488.31979779506713,,0.001945543,,5.820306602095159e-14,,17.140625,,True,
london-0000030.instance,945.587070278064,,0.000668125,,0.0,,17.078125,,True,
us-night-0000030.instance,1072.0043652792724,,0.000385375,,0.0,,17.015625,,True,
sbgdb-20200507-fpg-poly_0000000030,1092.124813622804,,0.0006132500000000001,,8.327754212963507e-14,,16.96875,,True,
uniform-0000030-2,1541.1254861210043,,0.001117666,,0.3688873339812525,,17.125,,True,
sbgdb-20200507-pntset-0000030,1781.0715122467982,,0.000491833,,0.0,,17.015625,,True,
att48,2318.289942578307,,0.067878042,,0.0,,19.53125,,True,
eil51,3204.818619470701,,0.048248584000000004,,0.0077530063505574925,,18.953125,,True,
berlin52,4698.533680124574,,0.030873834000000003,,0.09659090909089864,,17.890625,,True,
