iter,t_max,objective,lower_bound,gap,wall_time,num_ip_solves
0,0,13027.677873881279,486.6566077917845,25.769754412653853,0.001390917,6
1,0.72602620992208156,3349.2522634252182,491.29406201087818,5.8172048522562019,0.0097049590000000008,7
2,0.21357154162477182,2489.4671410186993,491.29406201087818,4.0671630974517612,0.019552125,8
3,0.32831059070532215,2130.0392580986072,491.29406201087818,3.3355689042532006,0.031917333999999999,9
4,0.86737327087026772,2061.6494925494408,491.29406201087818,3.1963655821750843,0.045073292000000001,10
5,0.91237795234094121,2035.2010097251705,491.29406201087818,3.1425312599852004,0.063165625000000003,11
6,0.93536709623702308,2019.4759722586905,491.29406201087818,3.1105238764599101,0.079773125,12
7,0.11869333507673803,1982.7644576153345,491.29406201087818,3.0357997601270261,0.099772209000000001,13
8,0.11099250656198778,1982.7644576153345,491.29406201087818,3.0357997601270261,0.099866916999999999,14
9,0.11099250656198778,1982.7644576153345,491.29406201087818,3.0357997601270261,0.099942917000000006,15
10,0.11099250656198778,1982.7644576153345,491.29406201087818,3.0357997601270261,0.100016667,16
