algorithm_name,minmax_objective,minsum_objective,minmax_time,minsum_time,minmax_gap_pct,minsum_gap_pct,minmax_mem,minsum_mem
branch-and-bound,5633.372564199187,215.120913599749,0.000543917,0.000585625,425.49903215474376,0.0,16.96875,17.078125
genetic,5633.372564199187,215.120913599749,0.025940167,0.087660959,425.49903215474376,0.0,17.1875,17.296875
greedy,5633.372564199187,215.120913599749,0.000386708,0.000536,425.49903215474376,0.0,17.046875,17.078125
local-search,5633.372564199187,215.120913599749,0.000450042,0.0007755419999999999,425.49903215474376,0.0,17.09375,17.171875
lp-rounding,5633.372564199187,215.120913599749,0.00044583299999999997,0.000768542,425.49903215474376,0.0,17.046875,17.265625
nn,5633.372564199187,215.120913599749,0.000380041,0.0006016250000000001,563337.2564199187,21512.0913599749,17.03125,17.09375
primal-dual,5633.372564199187,215.120913599749,0.00039024999999999997,0.000692334,13037.475803868594,2385.0342031749615,17.0625,17.109375
sa,5633.372564199187,215.120913599749,0.006256418000000001,0.021973416000000003,425.49903215474376,0.0,17.0625,17.0625
shifting,5633.372564199187,215.120913599749,0.003401667,0.01154175,425.49903215474376,0.0,17.1875,17.09375
