instance_name,n,m,algorithm_name,objective,objective_value,lower_bound,gap_pct,wall_time_sec,cpu_time_sec,peak_memory_mb,num_iterations,num_ip_solves,verified
att48,11.0,25.0,branch-and-bound,minmax,7825.601835672643,1978.3798184619154,295.55608901007844,0.008404791,0.008582,17.90625,1.0,2.0,True
att48,11.0,25.0,branch-and-bound,minsum,1283.5428577509088,0.0,0.560792751447466,0.189386833,0.190551,19.890625,12.0,17.0,True
att48,11.0,25.0,genetic,minmax,7825.601835672643,1175.9254528394042,565.4845183235764,0.040189917,0.04037,17.4375,1.0,2.0,True
att48,11.0,25.0,genetic,minsum,1429.3910185169423,0.0,195.89852330030982,0.289353042,0.28861,17.8125,8.0,14.0,True
att48,11.0,25.0,greedy,minmax,9665.223572466959,1175.9254528394044,721.924854941203,0.0044691670000000005,0.004664,17.328125,1.0,2.0,True
att48,11.0,25.0,greedy,minsum,2269.121295795965,0.0,363.68318498558654,0.033106916,0.033482,17.625,4.0,10.0,True
att48,11.0,25.0,local-search,minmax,7825.601835672643,1175.9254528394042,565.4845183235764,0.005138541,0.005343,17.453125,1.0,2.0,True
att48,11.0,25.0,local-search,minsum,1536.9466223637237,0.0,218.1636305653297,0.026186834,0.026747,17.625,6.0,12.0,True
att48,11.0,25.0,lp-rounding,minmax,7825.601835672643,1978.3798184619118,295.5560890100792,0.009021584000000001,0.009185,19.171875,1.0,2.0,True
att48,11.0,25.0,lp-rounding,minsum,1283.5428577509088,0.0,0.5607927514475196,0.14780629199999998,0.148451,19.609375,12.0,17.0,True
att48,11.0,25.0,nn,minmax,7388.436059335082,0.0,738843.6059335083,0.003047499,0.003176,17.28125,1.0,2.0,True
att48,11.0,25.0,nn,minsum,1583.1124997588954,0.0,158311.24997588954,0.029420666,0.029708,17.546875,6.0,12.0,True
att48,11.0,25.0,primal-dual,minmax,7522.748118970863,0.0,9795.212952519727,0.005591542,0.005853,17.359375,1.0,2.0,True
att48,11.0,25.0,primal-dual,minsum,1454.701116364208,0.0,2777.780407653334,0.0671505,0.068115,17.96875,9.0,15.0,True
att48,11.0,25.0,sa,minmax,7825.601835672643,1175.9254528394042,565.4845183235764,0.015802833,0.016047,17.453125,1.0,2.0,True
att48,11.0,25.0,sa,minsum,1538.2906711792498,0.0,218.44186238196048,0.090971,0.092811,17.546875,6.0,12.0,True
att48,11.0,25.0,shifting,minmax,7388.436059335082,1175.9254528394042,528.30820112745,0.030971709,0.060387,17.609375,1.0,2.0,True
att48,11.0,25.0,shifting,minsum,1802.382269308745,0.0,270.624317322404,0.16535266599999998,0.310311,18.046875,5.0,11.0,True
berlin52,13.0,25.0,branch-and-bound,minmax,17390.777505433485,4318.091400442408,302.74222781971963,0.016400542,0.015922,17.984375,1.0,2.0,True
berlin52,13.0,25.0,branch-and-bound,minsum,2261.986014255355,0.0,0.0,0.073886958,0.074781,18.625,6.0,11.0,True
berlin52,13.0,25.0,genetic,minmax,16060.146597948651,1934.1412413159692,730.3502482073905,0.042681042,0.040037,17.40625,1.0,2.0,True
berlin52,13.0,25.0,genetic,minsum,2363.2197444969743,0.0,115.68510595241075,0.31575724899999996,0.314183,17.78125,9.0,15.0,True
berlin52,13.0,25.0,greedy,minmax,16693.036444286605,1934.1412413159694,763.0722559293984,0.007170791,0.00724,17.34375,1.0,2.0,True
berlin52,13.0,25.0,greedy,minsum,3966.984075173406,0.0,262.0566316601362,0.052377624000000005,0.052493,17.65625,4.0,10.0,True
berlin52,13.0,25.0,local-search,minmax,16060.146597948651,1934.1412413159692,730.3502482073905,0.004438915999999999,0.00465,17.390625,1.0,2.0,True
berlin52,13.0,25.0,local-search,minsum,2363.2197444969743,0.0,115.68510595241075,0.056551083,0.057428,17.671875,9.0,15.0,True
berlin52,13.0,25.0,lp-rounding,minmax,17390.777505433485,4322.215806631677,302.357917407789,0.007932166000000001,0.008257,19.75,1.0,2.0,True
berlin52,13.0,25.0,lp-rounding,minsum,2261.986014255355,0.0,0.0,0.070059709,0.070541,20.109375,6.0,11.0,True
berlin52,13.0,25.0,nn,minmax,16543.41520374906,0.0,1654341.520374906,0.006578,0.006733,17.453125,1.0,2.0,True
berlin52,13.0,25.0,nn,minsum,2931.494918077598,0.0,293149.4918077598,0.033897334,0.033734,17.609375,6.0,12.0,True
berlin52,13.0,25.0,primal-dual,minmax,17390.777505433485,0.0,9958.94793519472,0.004631584,0.004906,17.453125,1.0,2.0,True
berlin52,13.0,25.0,primal-dual,minsum,2539.986948033329,0.0,2677.9133039732974,0.038687,0.039258,17.65625,7.0,13.0,True
berlin52,13.0,25.0,sa,minmax,17390.777505433485,1813.4202839588438,859.0042451421137,0.013947709,0.014183,17.390625,1.0,2.0,True
berlin52,13.0,25.0,sa,minsum,2288.2567269355227,0.0,108.84342039908712,0.149729166,0.149341,17.828125,10.0,16.0,True
berlin52,13.0,25.0,shifting,minmax,16693.036444286605,1934.1412413159692,763.0722559293984,0.040018125,0.074144,17.625,1.0,2.0,True
berlin52,13.0,25.0,shifting,minsum,3761.9537143206694,0.0,241.98387823095268,0.218846958,0.380036,18.1875,5.0,11.0,True
eil51,13.0,25.0,branch-and-bound,minmax,26956.090244629722,3204.570168941995,741.1764705882354,0.014775957999999999,0.014997,17.78125,1.0,2.0,True
eil51,13.0,25.0,branch-and-bound,minsum,1809.7605663641361,0.0,0.6343074829299518,0.211747957,0.212712,19.65625,10.0,15.0,True
eil51,13.0,25.0,genetic,minmax,26956.090244629722,728.3114020322719,3601.1764705882333,0.039614125,0.039814,17.515625,1.0,2.0,True
eil51,13.0,25.0,genetic,minsum,1987.176569811278,0.0,304.478035349688,0.3696055,0.369633,17.921875,10.0,16.0,True
eil51,13.0,25.0,greedy,minmax,26956.090244629722,728.3114020322719,3601.1764705882333,0.005035416,0.00503,17.4375,1.0,2.0,True
eil51,13.0,25.0,greedy,minsum,1866.3960099678243,0.0,279.89386688872673,0.129078917,0.129517,17.765625,12.0,18.0,True
eil51,13.0,25.0,local-search,minmax,26956.090244629722,728.3114020322719,3601.1764705882333,0.005778292,0.005896,17.359375,1.0,2.0,True
eil51,13.0,25.0,local-search,minsum,1982.7644576153345,0.0,303.5799760127026,0.102819625,0.101369,17.796875,10.0,16.0,True
eil51,13.0,25.0,lp-rounding,minmax,26956.090244629722,3196.0017995063226,743.4316353887396,0.014219833,0.011865,19.890625,1.0,2.0,True
eil51,13.0,25.0,lp-rounding,minsum,1809.7605663641361,0.0,0.6792786850226549,0.186125542,0.186676,20.390625,10.0,15.0,True
eil51,13.0,25.0,nn,minmax,51710.10954429128,0.0,5171010.954429127,0.004302,0.004521,17.28125,1.0,2.0,True
eil51,13.0,25.0,nn,minsum,2212.1082887595603,0.0,221210.82887595604,0.025835958,0.026119,17.46875,6.0,12.0,True
eil51,13.0,25.0,primal-dual,minmax,26956.090244629722,0.0,21272.282608695652,0.006064623999999999,0.006436,17.40625,1.0,2.0,True
eil51,13.0,25.0,primal-dual,minsum,2289.584178366762,0.0,3132.4417487357996,0.037863875,0.03832,17.71875,6.0,12.0,True
eil51,13.0,25.0,sa,minmax,26956.090244629722,728.3114020322719,3601.1764705882333,0.015023292,0.015249,17.34375,1.0,2.0,True
eil51,13.0,25.0,sa,minsum,1808.3836986866731,0.0,268.08580410781195,0.432308874,0.430522,18.0625,19.0,25.0,True
eil51,13.0,25.0,shifting,minmax,51710.10954429128,728.3114020322719,6999.999999999997,0.037945167,0.073993,17.609375,1.0,2.0,True
eil51,13.0,25.0,shifting,minsum,2212.1082887595603,0.0,341.53819389866777,0.226615875,0.400982,18.0,6.0,12.0,True
euro-night-0000030,2.0,25.0,branch-and-bound,minmax,6563.008011213965,387.86652606491583,1592.0789937194884,0.0005099169999999999,0.000713,17.125,1.0,2.0,True
euro-night-0000030,2.0,25.0,branch-and-bound,minsum,160.02046323157865,0.0,0.0,0.001474292,0.002072,17.34375,4.0,9.0,True
euro-night-0000030,2.0,25.0,genetic,minmax,6563.008011213965,311.42578303889684,2007.4067622699854,0.026585750000000002,0.026913,17.234375,1.0,2.0,True
euro-night-0000030,2.0,25.0,genetic,minsum,145.6894453013298,0.0,20.425900954163357,0.164162751,0.164338,17.421875,7.0,13.0,True
euro-night-0000030,2.0,25.0,greedy,minmax,6563.008011213965,311.42578303889684,2007.4067622699854,0.000458125,0.00063,17.0,1.0,2.0,True
euro-night-0000030,2.0,25.0,greedy,minsum,145.6894453013298,0.0,20.425900954163343,0.00195625,0.002248,17.28125,7.0,13.0,True
euro-night-0000030,2.0,25.0,local-search,minmax,6563.008011213965,311.42578303889684,2007.4067622699854,0.000495417,0.000635,17.171875,1.0,2.0,True
euro-night-0000030,2.0,25.0,local-search,minsum,145.6894453013298,0.0,20.425900954163357,0.002096125,0.002543,17.34375,7.0,13.0,True
euro-night-0000030,2.0,25.0,lp-rounding,minmax,6563.008011213965,387.86652606491583,1592.0789937194884,0.000631167,0.000778,17.15625,1.0,2.0,True
euro-night-0000030,2.0,25.0,lp-rounding,minsum,160.02046323157865,0.0,0.0,0.001814625,0.002077,17.40625,4.0,9.0,True
euro-night-0000030,2.0,25.0,nn,minmax,6563.008011213965,0.0,656300.8011213965,0.000470625,0.000545,17.0,1.0,2.0,True
euro-night-0000030,2.0,25.0,nn,minsum,160.02046323157865,0.0,16002.046323157865,0.001383292,0.001635,17.1875,6.0,12.0,True
euro-night-0000030,2.0,25.0,primal-dual,minmax,6563.008011213965,0.0,42201.97484298721,0.000519459,0.000653,17.0,1.0,2.0,True
euro-night-0000030,2.0,25.0,primal-dual,minsum,160.02046323157865,0.0,2307.7367704559106,0.001582083,0.002106,17.265625,6.0,12.0,True
euro-night-0000030,2.0,25.0,sa,minmax,6563.008011213965,311.42578303889684,2007.4067622699854,0.007281334,0.007446,17.0625,1.0,2.0,True
euro-night-0000030,2.0,25.0,sa,minsum,145.6894453013298,0.0,20.425900954163357,0.052109875,0.051848,17.375,7.0,13.0,True
euro-night-0000030,2.0,25.0,shifting,minmax,6563.008011213965,311.42578303889684,2007.4067622699854,0.006220125,0.011638,17.171875,1.0,2.0,True
euro-night-0000030,2.0,25.0,shifting,minsum,145.6894453013298,0.0,20.425900954163357,0.047157874,0.073143,17.296875,7.0,13.0,True
london-0000030.instance,2.0,25.0,branch-and-bound,minmax,6552.285597659102,945.5870702780646,592.9330786780216,0.000576791,0.000746,17.0625,1.0,2.0,True
london-0000030.instance,2.0,25.0,branch-and-bound,minsum,440.5953666189001,0.0,0.0,0.0023649590000000002,0.002732,17.28125,5.0,10.0,True
london-0000030.instance,2.0,25.0,genetic,minmax,6552.285597659102,505.59438354670465,1195.9569589549901,0.026097833,0.026195,17.25,1.0,2.0,True
london-0000030.instance,2.0,25.0,genetic,minsum,464.33868650316333,0.0,34.777605418517545,0.150727459,0.1508,17.328125,6.0,12.0,True
london-0000030.instance,2.0,25.0,greedy,minmax,6552.285597659102,505.5943835467047,1195.9569589549897,0.00038991599999999997,0.000468,17.078125,1.0,2.0,True
london-0000030.instance,2.0,25.0,greedy,minsum,447.88368801327675,0.0,30.001425104243566,0.001839584,0.002136,17.375,7.0,13.0,True
london-0000030.instance,2.0,25.0,local-search,minmax,6552.285597659102,505.59438354670465,1195.9569589549901,0.000418458,0.000564,17.109375,1.0,2.0,True
london-0000030.instance,2.0,25.0,local-search,minsum,447.88368801327675,0.0,30.00142510424359,0.002209042,0.002685,17.28125,7.0,13.0,True
london-0000030.instance,2.0,25.0,lp-rounding,minmax,6552.285597659102,945.5870702780646,592.9330786780216,0.000466375,0.000539,17.265625,1.0,2.0,True
london-0000030.instance,2.0,25.0,lp-rounding,minsum,440.5953666189001,0.0,0.0,0.002796333,0.003214,17.390625,5.0,10.0,True
london-0000030.instance,2.0,25.0,nn,minmax,6552.285597659102,0.0,655228.5597659101,0.0005377499999999999,0.000414,17.03125,1.0,2.0,True
london-0000030.instance,2.0,25.0,nn,minsum,447.88368801327675,0.0,44788.36880132768,0.00231175,0.00237,17.296875,7.0,13.0,True
london-0000030.instance,2.0,25.0,primal-dual,minmax,6552.285597659102,0.0,17223.32696695054,0.000418959,0.000573,17.0625,1.0,2.0,True
london-0000030.instance,2.0,25.0,primal-dual,minsum,469.3462628018914,0.0,2535.9732967573295,0.002370708,0.002766,17.375,7.0,13.0,True
london-0000030.instance,2.0,25.0,sa,minmax,6552.285597659102,505.59438354670465,1195.9569589549901,0.007499499999999999,0.007668,16.984375,1.0,2.0,True
london-0000030.instance,2.0,25.0,sa,minsum,469.3462628018914,0.0,43.17991432417019,0.0495615,0.050162,17.328125,7.0,13.0,True
london-0000030.instance,2.0,25.0,shifting,minmax,6552.285597659102,505.59438354670465,1195.9569589549901,0.006134,0.010811,17.25,1.0,2.0,True
london-0000030.instance,2.0,25.0,shifting,minsum,447.88368801327675,0.0,30.00142510424359,0.0368625,0.072022,17.375,7.0,13.0,True
sbgdb-20200507-fpg-poly_0000000030,1.0,25.0,branch-and-bound,minmax,8574.02915280195,159.98208145964492,5259.368420872013,0.000508292,0.000779,17.0,1.0,2.0,True
sbgdb-20200507-fpg-poly_0000000030,1.0,25.0,branch-and-bound,minsum,385.48355263763096,0.0,13.735670407421189,0.000657041,0.000951,17.234375,4.0,10.0,True
sbgdb-20200507-fpg-poly_0000000030,1.0,25.0,genetic,minmax,8574.02915280195,159.98208145964492,5259.368420872013,0.027100541,0.026781,17.140625,1.0,2.0,True
sbgdb-20200507-fpg-poly_0000000030,1.0,25.0,genetic,minsum,385.48355263763096,0.0,13.735670407421189,0.122191459,0.12198,17.140625,4.0,10.0,True
sbgdb-20200507-fpg-poly_0000000030,1.0,25.0,greedy,minmax,8574.02915280195,159.98208145964492,5259.368420872013,0.00043116599999999997,0.000624,17.0625,1.0,2.0,True
sbgdb-20200507-fpg-poly_0000000030,1.0,25.0,greedy,minsum,385.48355263763096,0.0,13.735670407421189,0.00055425,0.000704,17.140625,4.0,10.0,True
sbgdb-20200507-fpg-poly_0000000030,1.0,25.0,local-search,minmax,8574.02915280195,159.98208145964492,5259.368420872013,0.000517333,0.000649,17.140625,1.0,2.0,True
sbgdb-20200507-fpg-poly_0000000030,1.0,25.0,local-search,minsum,385.48355263763096,0.0,13.735670407421189,0.000689251,0.000919,17.21875,4.0,10.0,True
sbgdb-20200507-fpg-poly_0000000030,1.0,25.0,lp-rounding,minmax,8574.02915280195,159.98208145964492,5259.368420872013,0.000417791,0.000509,17.15625,1.0,2.0,True
sbgdb-20200507-fpg-poly_0000000030,1.0,25.0,lp-rounding,minsum,385.48355263763096,0.0,13.735670407421225,0.000858833,0.001098,17.25,4.0,10.0,True
sbgdb-20200507-fpg-poly_0000000030,1.0,25.0,nn,minmax,8574.02915280195,0.0,857402.915280195,0.000418291,0.000547,17.0,1.0,2.0,True
sbgdb-20200507-fpg-poly_0000000030,1.0,25.0,nn,minsum,385.48355263763096,0.0,38548.35526376309,0.0005686259999999999,0.000715,17.09375,4.0,10.0,True
sbgdb-20200507-fpg-poly_0000000030,1.0,25.0,primal-dual,minmax,8574.02915280195,0.0,133884.21052180033,0.0005060829999999999,0.000574,17.078125,1.0,2.0,True
sbgdb-20200507-fpg-poly_0000000030,1.0,25.0,primal-dual,minsum,385.48355263763096,0.0,2743.3917601855296,0.000638958,0.000853,17.0625,4.0,10.0,True
sbgdb-20200507-fpg-poly_0000000030,1.0,25.0,sa,minmax,8574.02915280195,159.98208145964492,5259.368420872013,0.006656875,0.006866,17.09375,1.0,2.0,True
sbgdb-20200507-fpg-poly_0000000030,1.0,25.0,sa,minsum,385.48355263763096,0.0,13.735670407421189,0.029451042,0.030059,17.15625,4.0,10.0,True
sbgdb-20200507-fpg-poly_0000000030,1.0,25.0,shifting,minmax,8574.02915280195,159.98208145964492,5259.368420872013,0.003070208,0.005634,17.265625,1.0,2.0,True
sbgdb-20200507-fpg-poly_0000000030,1.0,25.0,shifting,minsum,385.48355263763096,0.0,13.735670407421189,0.014458667,0.028471,17.234375,4.0,10.0,True
sbgdb-20200507-pntset-0000030,1.0,25.0,branch-and-bound,minmax,4331.8928798410025,1781.0715122467984,143.2183576040906,0.000359542,0.000453,16.984375,1.0,2.0,True
sbgdb-20200507-pntset-0000030,1.0,25.0,branch-and-bound,minsum,817.0305947739278,0.0,0.0,0.000583292,0.000835,17.078125,2.0,7.0,True
sbgdb-20200507-pntset-0000030,1.0,25.0,genetic,minmax,4331.8928798410025,1781.0715122467984,143.2183576040906,0.032268749,0.025573,17.125,1.0,2.0,True
sbgdb-20200507-pntset-0000030,1.0,25.0,genetic,minsum,817.0305947739278,0.0,0.0,0.0884295,0.088168,17.234375,2.0,7.0,True
sbgdb-20200507-pntset-0000030,1.0,25.0,greedy,minmax,4331.8928798410025,1781.0715122467986,143.21835760409056,0.000412583,0.000436,16.984375,1.0,2.0,True
sbgdb-20200507-pntset-0000030,1.0,25.0,greedy,minsum,817.0305947739278,0.0,0.0,0.000594292,0.00075,17.078125,2.0,7.0,True
sbgdb-20200507-pntset-0000030,1.0,25.0,local-search,minmax,4331.8928798410025,1781.0715122467984,143.2183576040906,0.000350625,0.000311,17.0625,1.0,2.0,True
sbgdb-20200507-pntset-0000030,1.0,25.0,local-search,minsum,817.0305947739278,0.0,0.0,0.000663626,0.000863,17.09375,2.0,7.0,True
sbgdb-20200507-pntset-0000030,1.0,25.0,lp-rounding,minmax,4331.8928798410025,1781.0715122467984,143.2183576040906,0.001838624,0.000816,17.140625,1.0,2.0,True
sbgdb-20200507-pntset-0000030,1.0,25.0,lp-rounding,minsum,817.0305947739278,0.0,0.0,0.001310749,0.001118,17.25,2.0,7.0,True
sbgdb-20200507-pntset-0000030,1.0,25.0,nn,minmax,4331.8928798410025,0.0,433189.2879841002,0.000355375,0.000433,17.015625,1.0,2.0,True
sbgdb-20200507-pntset-0000030,1.0,25.0,nn,minsum,817.0305947739278,0.0,81703.05947739277,0.000594667,0.000801,17.0625,4.0,10.0,True
sbgdb-20200507-pntset-0000030,1.0,25.0,primal-dual,minmax,4331.8928798410025,0.0,5980.458940102264,0.000402083,0.000656,17.09375,1.0,2.0,True
sbgdb-20200507-pntset-0000030,1.0,25.0,primal-dual,minsum,817.0305947739278,0.0,2383.3990797205383,0.000670375,0.00092,17.203125,4.0,10.0,True
sbgdb-20200507-pntset-0000030,1.0,25.0,sa,minmax,4331.8928798410025,1781.0715122467984,143.2183576040906,0.006163042,0.006373,17.109375,1.0,2.0,True
sbgdb-20200507-pntset-0000030,1.0,25.0,sa,minsum,817.0305947739278,0.0,0.0,0.021176459,0.021604,17.171875,2.0,7.0,True
sbgdb-20200507-pntset-0000030,1.0,25.0,shifting,minmax,4331.8928798410025,1781.0715122467984,143.2183576040906,0.003371125,0.006355,17.203125,1.0,2.0,True
sbgdb-20200507-pntset-0000030,1.0,25.0,shifting,minsum,817.0305947739278,0.0,0.0,0.01048775,0.020182,17.234375,2.0,7.0,True
stars-0000030.instance,2.0,25.0,branch-and-bound,minmax,13060.878981226433,356.727868902418,3561.3004252827814,0.000510668,0.000505,17.046875,1.0,2.0,True
stars-0000030.instance,2.0,25.0,branch-and-bound,minsum,225.2433498380384,0.0,1.4878427484800034,0.0027560830000000003,0.003473,17.3125,8.0,14.0,True
stars-0000030.instance,2.0,25.0,genetic,minmax,13060.878981226433,261.78364474464456,4889.188302411557,0.028891792,0.026928,17.15625,1.0,2.0,True
stars-0000030.instance,2.0,25.0,genetic,minsum,246.62673106106388,0.0,50.76690849508088,0.16342062499999999,0.163354,17.421875,7.0,13.0,True
stars-0000030.instance,2.0,25.0,greedy,minmax,13060.878981226433,261.7836447446445,4889.188302411558,0.002066042,0.000613,16.96875,1.0,2.0,True
stars-0000030.instance,2.0,25.0,greedy,minsum,246.62673106106388,0.0,50.76690849508088,0.001989791,0.002405,17.28125,7.0,13.0,True
stars-0000030.instance,2.0,25.0,local-search,minmax,13060.878981226433,261.78364474464456,4889.188302411557,0.000462416,0.000594,17.09375,1.0,2.0,True
stars-0000030.instance,2.0,25.0,local-search,minsum,246.62673106106388,0.0,50.76690849508088,0.0023405419999999997,0.002765,17.359375,7.0,13.0,True
stars-0000030.instance,2.0,25.0,lp-rounding,minmax,13060.878981226433,356.72786890241787,3561.3004252827827,0.000669958,0.00063,17.25,1.0,2.0,True
stars-0000030.instance,2.0,25.0,lp-rounding,minsum,225.2433498380384,0.0,1.4878427484801071,0.003187208,0.003723,17.46875,8.0,14.0,True
stars-0000030.instance,2.0,25.0,nn,minmax,13060.878981226433,0.0,1306087.8981226434,0.00034724999999999996,0.000428,17.015625,1.0,2.0,True
stars-0000030.instance,2.0,25.0,nn,minsum,246.62673106106388,0.0,24662.673106106387,0.001948333,0.002088,17.109375,7.0,13.0,True
stars-0000030.instance,2.0,25.0,primal-dual,minmax,13060.878981226433,0.0,91432.51063206956,0.00041125,0.000489,17.078125,1.0,2.0,True
stars-0000030.instance,2.0,25.0,primal-dual,minsum,246.62673106106388,0.0,2678.0636939441833,0.002015875,0.00233,17.265625,7.0,13.0,True
stars-0000030.instance,2.0,25.0,sa,minmax,13060.878981226433,261.78364474464456,4889.188302411557,0.007277166,0.007404,17.03125,1.0,2.0,True
stars-0000030.instance,2.0,25.0,sa,minsum,246.62673106106388,0.0,50.76690849508088,0.048910292,0.048232,17.40625,7.0,13.0,True
stars-0000030.instance,2.0,25.0,shifting,minmax,13060.878981226433,261.78364474464456,4889.188302411557,0.0062411260000000005,0.011364,17.203125,1.0,2.0,True
stars-0000030.instance,2.0,25.0,shifting,minsum,246.62673106106388,0.0,50.76690849508088,0.039365458,0.070447,17.390625,7.0,13.0,True
uniform-0000030-2,2.0,25.0,branch-and-bound,minmax,14972.322700294666,1248.7429003668701,1098.9916175616233,0.000521041,0.000652,17.09375,1.0,2.0,True
uniform-0000030-2,2.0,25.0,branch-and-bound,minsum,1441.1118281903846,0.0,56.51763824082953,0.000775542,0.00103,17.203125,4.0,10.0,True
uniform-0000030-2,2.0,25.0,genetic,minmax,14972.322700294666,677.4344732548797,2110.150692266504,0.026343208,0.026364,17.203125,1.0,2.0,True
uniform-0000030-2,2.0,25.0,genetic,minsum,1441.1118281903846,0.0,97.93850802294732,0.122993583,0.123069,17.296875,4.0,10.0,True
uniform-0000030-2,2.0,25.0,greedy,minmax,14972.322700294666,677.4344732548798,2110.1506922665035,0.000421417,0.000495,17.015625,1.0,2.0,True
uniform-0000030-2,2.0,25.0,greedy,minsum,1441.1118281903846,0.0,97.93850802294732,0.000626583,0.000826,17.15625,4.0,10.0,True
uniform-0000030-2,2.0,25.0,local-search,minmax,14972.322700294666,677.4344732548797,2110.150692266504,0.0005192490000000001,0.000655,17.078125,1.0,2.0,True
uniform-0000030-2,2.0,25.0,local-search,minsum,1441.1118281903846,0.0,97.93850802294732,0.000796334,0.001032,17.25,4.0,10.0,True
uniform-0000030-2,2.0,25.0,lp-rounding,minmax,14972.322700294666,1248.7429003668701,1098.9916175616233,0.00060825,0.00084,17.15625,1.0,2.0,True
uniform-0000030-2,2.0,25.0,lp-rounding,minsum,1441.1118281903846,0.0,56.51763824082956,0.001150499,0.001332,17.296875,4.0,10.0,True
uniform-0000030-2,2.0,25.0,nn,minmax,14972.322700294666,0.0,1497232.2700294666,0.00044545800000000003,0.00052,17.046875,1.0,2.0,True
uniform-0000030-2,2.0,25.0,nn,minsum,1441.1118281903846,0.0,144111.18281903845,0.00065125,0.000851,17.109375,4.0,10.0,True
uniform-0000030-2,2.0,25.0,primal-dual,minmax,14972.322700294666,0.0,29874.790439040582,0.000533875,0.000666,17.15625,1.0,2.0,True
uniform-0000030-2,2.0,25.0,primal-dual,minsum,1441.1118281903846,0.0,3812.9409560207373,0.000776042,0.000734,17.296875,4.0,10.0,True
uniform-0000030-2,2.0,25.0,sa,minmax,14972.322700294666,677.4344732548797,2110.150692266504,0.007060625,0.007208,17.09375,1.0,2.0,True
uniform-0000030-2,2.0,25.0,sa,minsum,1441.1118281903846,0.0,97.93850802294732,0.036505084,0.035323,17.203125,4.0,10.0,True
uniform-0000030-2,2.0,25.0,shifting,minmax,14972.322700294666,677.4344732548797,2110.150692266504,0.006059999000000001,0.011924,17.296875,1.0,2.0,True
uniform-0000030-2,2.0,25.0,shifting,minsum,1441.1118281903846,0.0,97.93850802294732,0.027638667000000002,0.049138,17.328125,4.0,10.0,True
us-night-0000030.instance,1.0,25.0,branch-and-bound,minmax,5633.372564199187,1072.0043652792735,425.49903215474376,0.000543917,0.000679,16.96875,1.0,2.0,True
us-night-0000030.instance,1.0,25.0,branch-and-bound,minsum,215.120913599749,0.0,0.0,0.000585625,0.000739,17.078125,2.0,7.0,True
us-night-0000030.instance,1.0,25.0,genetic,minmax,5633.372564199187,1072.0043652792735,425.49903215474376,0.025940167,0.026074,17.1875,1.0,2.0,True
us-night-0000030.instance,1.0,25.0,genetic,minsum,215.120913599749,0.0,0.0,0.087660959,0.087589,17.296875,2.0,7.0,True
us-night-0000030.instance,1.0,25.0,greedy,minmax,5633.372564199187,1072.0043652792735,425.49903215474376,0.000386708,0.000478,17.046875,1.0,2.0,True
us-night-0000030.instance,1.0,25.0,greedy,minsum,215.120913599749,0.0,0.0,0.000536,0.000681,17.078125,2.0,7.0,True
us-night-0000030.instance,1.0,25.0,local-search,minmax,5633.372564199187,1072.0043652792735,425.49903215474376,0.000450042,0.000624,17.09375,1.0,2.0,True
us-night-0000030.instance,1.0,25.0,local-search,minsum,215.120913599749,0.0,0.0,0.0007755419999999999,0.001089,17.171875,2.0,7.0,True
us-night-0000030.instance,1.0,25.0,lp-rounding,minmax,5633.372564199187,1072.0043652792735,425.49903215474376,0.00044583299999999997,0.000594,17.046875,1.0,2.0,True
us-night-0000030.instance,1.0,25.0,lp-rounding,minsum,215.120913599749,0.0,0.0,0.000768542,0.000729,17.265625,2.0,7.0,True
us-night-0000030.instance,1.0,25.0,nn,minmax,5633.372564199187,0.0,563337.2564199187,0.000380041,0.000482,17.03125,1.0,2.0,True
us-night-0000030.instance,1.0,25.0,nn,minsum,215.120913599749,0.0,21512.0913599749,0.0006016250000000001,0.000599,17.09375,4.0,10.0,True
us-night-0000030.instance,1.0,25.0,primal-dual,minmax,5633.372564199187,0.0,13037.475803868594,0.00039024999999999997,0.000467,17.0625,1.0,2.0,True
us-night-0000030.instance,1.0,25.0,primal-dual,minsum,215.120913599749,0.0,2385.0342031749615,0.000692334,0.00117,17.109375,4.0,10.0,True
us-night-0000030.instance,1.0,25.0,sa,minmax,5633.372564199187,1072.0043652792735,425.49903215474376,0.006256418000000001,0.006426,17.0625,1.0,2.0,True
us-night-0000030.instance,1.0,25.0,sa,minsum,215.120913599749,0.0,0.0,0.021973416000000003,0.022575,17.0625,2.0,7.0,True
us-night-0000030.instance,1.0,25.0,shifting,minmax,5633.372564199187,1072.0043652792735,425.49903215474376,0.003401667,0.00654,17.1875,1.0,2.0,True
us-night-0000030.instance,1.0,25.0,shifting,minsum,215.120913599749,0.0,0.0,0.01154175,0.018271,17.09375,2.0,7.0,True
